user_id,age,I,T,R,K,A,E
1,16.1,2,51,20.1,25,15,5
2,13.8,1,31,11,15,9,3
3,13,1,38,25.1,19,11,3
4,16.2,2,57,38.5,28,16,5
5,16.3,2,84,27.4,42,25,8
6,15.5,2,61,36.6,30,18,6
7,16,2,44,24.8,22,13,4
8,15.4,2,51,30.5,25,15,5
9,16.4,2,69,44.6,34,20,6
10,13.3,1,38,25.1,19,11,3
11,16.2,2,53,31.9,26,15,5
12,15.8,2,90,27.3,45,27,9
13,15.3,2,68,43.9,34,20,6
14,13,1,51,26.3,25,15,5
15,16.3,2,55,43.1,27,16,5
16,16.1,2,57,35.1,28,16,5
17,15.9,2,72,31,36,21,7
18,15.8,2,92,48.7,46,27,9
19,16.1,2,41,47.3,20,12,4
20,13.7,1,41,18.9,20,12,4
21,12.2,1,51,18.7,25,15,5
22,13,1,43,15.5,21,12,4
23,15.9,2,50,41.4,25,15,5
24,15.3,2,68,36.6,34,20,6
25,12.4,1,51,18.8,25,15,5
26,13.3,1,43,22,21,12,4
27,13,1,39,20.1,19,11,3
28,16.1,2,71,37.5,35,21,7
29,16.4,2,79,31.9,39,23,7
30,15.9,2,59,44,29,17,5
31,16.3,2,37,34.9,18,10,3
32,13.6,1,56,24,28,16,5
33,15.4,2,38,15.2,19,11,3
34,12.4,1,39,15.6,19,11,3
35,12.2,1,35,11.2,17,10,3
36,16.4,2,61,41.5,30,18,6
37,15.7,2,76,36.4,38,22,7
38,15.9,2,66,43.1,33,19,6
39,15.6,2,54,32.3,27,16,5
40,12.2,1,48,26.8,24,14,4
41,12.7,1,39,18.9,19,11,3
42,16.3,2,34,33.3,17,10,3
43,15.8,2,44,29.1,22,13,4
44,15.7,2,67,36.3,33,19,6
45,15.5,2,69,29,34,20,6
46,13.2,1,37,24.6,18,10,3
47,15.7,2,64,31.1,32,19,6
48,13.1,1,59,11.7,29,17,5
49,12.1,1,46,25.1,23,13,4
50,15.5,2,50,41.9,25,15,5
51,13.4,1,51,20.2,25,15,5
52,12.2,1,41,21.2,20,12,4
53,12.7,1,37,25.2,18,10,3
54,15.7,2,56,28,28,16,5
55,12.9,1,25,20.9,12,7,2
56,16.6,2,67,36.6,33,19,6
57,12.4,1,44,19.1,22,13,4
58,15.5,2,47,30.1,23,13,4
59,13.5,1,57,16.1,28,16,5
60,15.2,2,71,19.9,35,21,7
61,13.6,1,53,30.2,26,15,5
62,15.9,2,78,33.1,39,23,7
63,12.8,1,35,17.3,17,10,3
64,16.6,2,87,34.7,43,25,8
65,16.1,2,55,21.3,27,16,5
66,12.1,1,59,18.6,29,17,5
67,12.5,1,48,16.5,24,14,4
68,12.8,1,62,24.4,31,18,6
69,15.4,2,58,41.9,29,17,5
70,14.4,1,49,17.5,24,14,4
71,15.2,2,66,32.9,33,19,6
72,13.6,1,23,21.5,11,6,2
73,15.8,2,45,25.2,22,13,4
74,16,2,79,33.1,39,23,7
75,12.1,1,29,14.1,14,8,2
76,15.3,2,77,49.5,38,22,7
77,12.6,1,49,21.8,24,14,4
78,12.7,1,28,16.3,14,8,2
79,16.7,2,71,20.4,35,21,7
80,15.6,2,92,38.7,46,27,9
81,15.7,2,76,36.1,38,22,7
82,15.9,2,73,31.9,36,21,7
83,16.9,2,58,45.9,29,17,5
84,15.5,2,69,38.5,34,20,6
85,16.3,2,60,20.2,30,18,6
86,15.7,2,71,31.5,35,21,7
87,16.4,2,61,41.8,30,18,6
88,15.5,2,44,36.6,22,13,4
89,15.1,2,78,22.7,39,23,7
90,13.1,1,41,19.7,20,12,4
91,13.7,1,66,14.1,33,19,6
92,15.7,2,65,42.7,32,19,6
93,16.6,2,73,37.6,36,21,7
94,12.7,1,75,21.3,37,22,7
95,12.4,1,40,26.6,20,12,4
96,16.9,2,56,38.6,28,16,5
97,15.5,2,56,41.5,28,16,5
98,12.6,1,38,15.1,19,11,3
99,15.1,2,69,46.6,34,20,6
100,15.6,2,51,27.8,25,15,5
101,16,2,64,38,32,19,6
102,16.2,2,65,29.3,32,19,6
103,16.1,2,76,44,38,22,7
104,17,2,59,33.7,29,17,5
105,15.6,2,66,22.2,33,19,6
106,12.5,1,58,25.8,29,17,5
107,15.8,2,83,31.7,41,24,8
108,13.2,1,49,19.9,24,14,4
109,13.1,1,37,28.2,18,10,3
110,13.1,1,44,24.5,22,13,4
111,15.2,2,47,19.4,23,13,4
112,12.9,1,47,36.2,23,13,4
113,13,1,38,16.5,19,11,3
114,13.2,1,60,20,30,18,6
115,15.9,2,62,32.6,31,18,6
116,16.2,2,47,32.7,23,13,4
117,15.3,2,52,38.2,26,15,5
118,15.4,2,50,34.8,25,15,5
119,12.8,1,59,22.1,29,17,5
120,12.7,1,56,15.1,28,16,5
121,12.7,1,42,16.3,21,12,4
122,15.4,2,64,11.1,32,19,6
123,13,1,38,23.5,19,11,3
124,16.3,2,72,32.8,36,21,7
125,12.7,1,78,26.8,39,23,7
126,16.2,2,53,43.9,26,15,5
127,13.4,1,39,19.4,19,11,3
128,13.6,1,44,26.9,22,13,4
129,13,1,47,19.1,23,13,4
130,15.6,2,53,38.6,26,15,5
131,15.1,2,23,31.2,11,6,2
132,15.7,2,63,36.7,31,18,6
133,15.2,2,51,33.8,25,15,5
134,15.1,2,18,34.1,9,5,1
135,16.2,2,56,38.1,28,16,5
136,12.7,1,49,16.8,24,14,4
137,15.6,2,48,38.6,24,14,4
138,16.2,2,59,33.3,29,17,5
139,12.4,1,38,24.9,19,11,3
140,12.9,1,40,24.5,20,12,4
141,15.7,2,59,45.5,29,17,5
142,15.9,2,46,36.9,23,13,4
143,16.4,2,66,27.1,33,19,6
144,15.9,2,62,50.2,31,18,6
145,16.3,2,66,23.6,33,19,6
146,16.6,2,76,23.2,38,22,7
147,15.7,2,87,33.6,43,25,8
148,13.3,1,33,20,16,9,3
149,15.8,2,73,34.2,36,21,7
150,16,2,14,45.7,7,4,1
151,15.5,2,28,39.7,14,8,2
152,12.8,1,50,9.4,25,15,5
153,13.8,1,57,16.9,28,16,5
154,16.3,2,73,21.5,36,21,7
155,13.9,1,45,19.9,22,13,4
156,16.1,2,59,30.7,29,17,5
157,15.6,2,71,48.5,35,21,7
158,12.8,1,41,20.2,20,12,4
159,16.2,2,66,39.5,33,19,6
160,16.3,2,77,16.8,38,22,7
161,15.7,2,88,20.4,44,26,8
162,15.7,2,39,24.9,19,11,3
163,13.3,1,40,25.9,20,12,4
164,15.8,2,40,36.4,20,12,4
165,12.7,1,48,22.3,24,14,4
166,12.6,1,37,23.9,18,10,3
167,12.8,1,59,12.4,29,17,5
168,15.8,2,50,32.5,25,15,5
169,13.6,1,45,14.8,22,13,4
170,16,2,63,30.3,31,18,6
171,12.7,1,45,21.9,22,13,4
172,15.4,2,88,29.8,44,26,8
173,15.3,2,69,23.4,34,20,6
174,13.2,1,58,22.5,29,17,5
175,15.9,2,73,40.9,36,21,7
176,16,2,56,34.5,28,16,5
177,12.7,1,49,20.2,24,14,4
178,15.8,2,65,34.3,32,19,6
179,13.3,1,41,25.7,20,12,4
180,12.3,1,50,15.3,25,15,5
181,12.3,1,53,22.6,26,15,5
182,12.5,1,46,20.5,23,13,4
183,15.7,2,68,38,34,20,6
184,15.4,2,44,30.7,22,13,4
185,16,2,47,19.1,23,13,4
186,16,2,46,38.9,23,13,4
187,13.4,1,32,19.7,16,9,3
188,13,1,45,22.5,22,13,4
189,15.7,2,66,35.1,33,19,6
190,16.3,2,71,30.9,35,21,7
191,15.5,2,49,30,24,14,4
192,13.5,1,51,17.3,25,15,5
193,15.5,2,65,25.8,32,19,6
194,12.2,1,52,18.1,26,15,5
195,12.3,1,37,15.1,18,10,3
196,12.2,1,34,21.5,17,10,3
197,16.2,2,77,27.1,38,22,7
198,15.4,2,60,27.7,30,18,6
199,15.9,2,60,48.4,30,18,6
200,16,2,29,35.4,14,8,2
201,13.3,1,55,28.4,27,16,5
202,15.6,2,19,34.6,9,5,1
203,16.9,2,57,39.8,28,16,5
204,15.4,2,45,31.1,22,13,4
205,15.6,2,62,37.5,31,18,6
206,15.2,2,72,30.4,36,21,7
207,12.6,1,49,28.9,24,14,4
208,16,2,64,27.9,32,19,6
209,16.6,2,71,25.4,35,21,7
210,16.6,2,38,31.1,19,11,3
211,12.4,1,43,21.3,21,12,4
212,15.6,2,38,41.2,19,11,3
213,12.5,1,51,19.5,25,15,5
214,16.1,2,59,40.2,29,17,5
215,15.7,2,47,12.8,23,13,4
216,16.4,2,51,40,25,15,5
217,16,2,46,29.5,23,13,4
218,13.6,1,35,18.4,17,10,3
219,12.9,1,51,19.7,25,15,5
220,12.3,1,36,21.7,18,10,3
221,13.2,1,42,14,21,12,4
222,16,2,78,32.2,39,23,7
223,15.4,2,58,17.7,29,17,5
224,16.2,2,88,32.3,44,26,8
225,13.4,1,44,20.6,22,13,4
226,15.5,2,13,38.6,6,3,1
227,15.3,2,52,36.9,26,15,5
228,12.9,1,51,23.8,25,15,5
229,15.3,2,73,40.3,36,21,7
230,12.6,1,50,16.7,25,15,5
231,15.9,2,52,9.9,26,15,5
232,15.7,2,32,39.8,16,9,3
233,16.7,2,79,35.8,39,23,7
234,15.4,2,65,27.9,32,19,6
235,16.1,2,34,34,17,10,3
236,13.1,1,44,14.6,22,13,4
237,15.8,2,57,43.1,28,16,5
238,15.5,2,48,27,24,14,4
239,15.9,2,84,30.7,42,25,8
240,12.1,1,36,14.1,18,10,3
241,16.2,2,75,43.9,37,22,7
242,15.4,2,72,38.9,36,21,7
243,12.2,1,69,35,34,20,6
244,15.3,2,43,55.3,21,12,4
245,15.1,2,59,40.8,29,17,5
246,16.4,2,69,32.9,34,20,6
247,12.9,1,53,31.6,26,15,5
248,12.4,1,48,20.1,24,14,4
249,15.4,2,71,37,35,21,7
250,16.1,2,66,20.3,33,19,6
251,16.5,2,65,30.9,32,19,6
252,15.1,2,50,46.6,25,15,5
253,16,2,88,37.2,44,26,8
254,13,1,39,22.9,19,11,3
255,12.7,1,39,18.4,19,11,3
256,16.3,2,55,24.3,27,16,5
257,16,2,68,35.2,34,20,6
258,15.7,2,58,44.8,29,17,5
259,16.3,2,87,28,43,25,8
260,13.7,1,39,21.5,19,11,3
261,15.3,2,73,35.5,36,21,7
262,16,2,75,40.7,37,22,7
263,12.5,1,41,29.6,20,12,4
264,16.4,2,45,32.8,22,13,4
265,15.3,2,55,38.4,27,16,5
266,15.5,2,82,36.2,41,24,8
267,15.1,2,64,39.9,32,19,6
268,14.1,1,56,21,28,16,5
269,15.7,2,51,36.9,25,15,5
270,12.5,1,49,21.9,24,14,4
271,13.2,1,37,9.4,18,10,3
272,16.8,2,59,31.8,29,17,5
273,13.1,1,40,18.7,20,12,4
274,16.7,2,62,39.1,31,18,6
275,12.6,1,46,22.2,23,13,4
276,13.3,1,38,15.3,19,11,3
277,13.1,1,58,27.1,29,17,5
278,12.3,1,40,22.5,20,12,4
279,12.8,1,48,10,24,14,4
280,16.6,2,78,34.2,39,23,7
281,15.6,2,56,45.2,28,16,5
282,16.6,2,52,44.1,26,15,5
283,16.3,2,58,44.1,29,17,5
284,16.5,2,66,43.2,33,19,6
285,13,1,50,10.1,25,15,5
286,15.2,2,37,46,18,10,3
287,15.7,2,53,44.2,26,15,5
288,13.1,1,55,20.5,27,16,5
289,12.9,1,41,27.1,20,12,4
290,16.1,2,55,36,27,16,5
291,15.8,2,49,28.2,24,14,4
292,12.7,1,35,9.4,17,10,3
293,15.5,2,39,44.2,19,11,3
294,16.2,2,51,35,25,15,5
295,12.3,1,54,22.1,27,16,5
296,15.6,2,41,40.6,20,12,4
297,15.9,2,55,34.6,27,16,5
298,15.9,2,46,41.4,23,13,4
299,12.8,1,51,18.8,25,15,5
300,16.3,2,38,34.2,19,11,3
301,12.8,1,50,28.5,25,15,5
302,12.5,1,44,20.2,22,13,4
303,16.2,2,65,29.9,32,19,6
304,15.6,2,63,28.2,31,18,6
305,16,2,32,30.7,16,9,3
306,16.5,2,37,47.2,18,10,3
307,15.4,2,69,38.8,34,20,6
308,15,2,56,41.1,28,16,5
309,15.9,2,63,29.5,31,18,6
310,17.2,2,55,33.5,27,16,5
311,13.3,1,44,24.6,22,13,4
312,15.3,2,63,22.3,31,18,6
313,15.7,2,50,50.3,25,15,5
314,13.1,1,45,21.9,22,13,4
315,15.3,2,70,34,35,21,7
316,15.5,2,57,39.2,28,16,5
317,12.5,1,56,24,28,16,5
318,12.7,1,58,32.1,29,17,5
319,15.9,2,49,23.8,24,14,4
320,12.6,1,53,15.9,26,15,5
321,16,2,77,27.3,38,22,7
322,15.6,2,59,44.1,29,17,5
323,15.8,2,50,33.7,25,15,5
324,16.1,2,39,35.8,19,11,3
325,15.9,2,94,46,47,28,9
326,15.8,2,60,20.1,30,18,6
327,13.1,1,41,22.4,20,12,4
328,16.3,2,60,37.9,30,18,6
329,15.3,2,44,41.8,22,13,4
330,15.5,2,90,29.5,45,27,9
331,13,1,48,16.7,24,14,4
332,15.6,2,63,41.2,31,18,6
333,12.4,1,52,12.1,26,15,5
334,12.3,1,28,13.5,14,8,2
335,13.4,1,45,14.6,22,13,4
336,12.7,1,44,20,22,13,4
337,15.5,2,65,30.2,32,19,6
338,12.7,1,49,25.5,24,14,4
339,12.9,1,47,16.1,23,13,4
340,12.5,1,32,12.6,16,9,3
341,12.7,1,34,11.9,17,10,3
342,16,2,42,36.4,21,12,4
343,16.2,2,44,33.3,22,13,4
344,12.8,1,38,13.4,19,11,3
345,15.8,2,47,38.1,23,13,4
346,12.6,1,49,21.1,24,14,4
347,13,1,34,19.7,17,10,3
348,16.1,2,13,35.2,6,3,1
349,15.4,2,54,29.5,27,16,5
350,16,2,56,55.2,28,16,5
351,15.8,2,66,27.3,33,19,6
352,13.1,1,43,29.6,21,12,4
353,16.2,2,63,36.1,31,18,6
354,16.1,2,58,28.6,29,17,5
355,14,1,33,26.2,16,9,3
356,15.5,2,56,35.3,28,16,5
357,12.7,1,54,22.7,27,16,5
358,15.8,2,71,43.2,35,21,7
359,12.8,1,40,16.3,20,12,4
360,15.7,2,56,30.6,28,16,5
361,16.3,2,55,29.2,27,16,5
362,12.6,1,43,17.2,21,12,4
363,16.3,2,50,39.5,25,15,5
364,15.8,2,85,35.4,42,25,8
365,16.8,2,71,42.1,35,21,7
366,15.8,2,72,20.7,36,21,7
367,13.5,1,53,15,26,15,5
368,15.8,2,62,30.6,31,18,6
369,13.2,1,47,20.2,23,13,4
370,12.4,1,44,22.7,22,13,4
371,16.6,2,77,38.1,38,22,7
372,13.2,1,42,13.7,21,12,4
373,15.2,2,64,42.5,32,19,6
374,15.5,2,43,39.5,21,12,4
375,16.1,2,62,47,31,18,6
376,12.9,1,28,22.5,14,8,2
377,15.4,2,55,47.4,27,16,5
378,15.1,2,64,32.1,32,19,6
379,16,2,49,35.6,24,14,4
380,13.2,1,37,24.7,18,10,3
381,12.7,1,63,23,31,18,6
382,13.1,1,46,17.8,23,13,4
383,12.8,1,55,19,27,16,5
384,16.8,2,63,56.7,31,18,6
385,15.9,2,59,46.5,29,17,5
386,15.9,2,35,37.5,17,10,3
387,12.7,1,43,17.6,21,12,4
388,15.7,2,40,49.1,20,12,4
389,13.3,1,44,20,22,13,4
390,12.7,1,47,10.6,23,13,4
391,16.3,2,69,29.8,34,20,6
392,12.9,1,64,19.3,32,19,6
393,15.9,2,65,34.9,32,19,6
394,13.9,1,42,18.8,21,12,4
395,12.7,1,34,30.3,17,10,3
396,17.3,2,53,36.4,26,15,5
397,15.9,2,39,41.1,19,11,3
398,12.9,1,43,29.1,21,12,4
399,16.6,2,60,33.7,30,18,6
400,13.2,1,32,25.9,16,9,3
401,16.2,2,64,32.2,32,19,6
402,13.1,1,44,17.8,22,13,4
403,12.4,1,49,19.6,24,14,4
404,12.7,1,50,25.3,25,15,5
405,15.3,2,76,33.7,38,22,7
406,12.4,1,47,28,23,13,4
407,16.1,2,48,39.2,24,14,4
408,16.2,2,88,31.1,44,26,8
409,12.4,1,40,24.1,20,12,4
410,15.8,2,63,25.3,31,18,6
411,16,2,53,28.8,26,15,5
412,16.3,2,50,40.4,25,15,5
413,13,1,55,22.4,27,16,5
414,12.8,1,34,17.3,17,10,3
415,12.5,1,55,30.1,27,16,5
416,12.3,1,52,28.9,26,15,5
417,13.4,1,39,19.6,19,11,3
418,15.5,2,22,30.6,11,6,2
419,15.2,2,68,38.9,34,20,6
420,12.3,1,41,10.8,20,12,4
421,16,2,71,27,35,21,7
422,15.8,2,49,54.9,24,14,4
423,15.8,2,65,53.2,32,19,6
424,12.6,1,35,23.9,17,10,3
425,15.4,2,49,21.1,24,14,4
426,16.1,2,74,29.2,37,22,7
427,13.1,1,29,15.3,14,8,2
428,15.9,2,26,35.3,13,7,2
429,16.1,2,37,18,18,10,3
430,12.8,1,40,16.6,20,12,4
431,13.4,1,45,24.4,22,13,4
432,15.6,2,78,39.2,39,23,7
433,12.7,1,39,20.9,19,11,3
434,12.8,1,57,24.3,28,16,5
435,12.2,1,39,14.8,19,11,3
436,12.6,1,50,26,25,15,5
437,15.6,2,59,42.1,29,17,5
438,15.3,2,66,21.8,33,19,6
439,15.5,2,62,44.3,31,18,6
440,15.5,2,60,49,30,18,6
441,13.5,1,38,19.8,19,11,3
442,16.3,2,81,45.4,40,24,8
443,12.8,1,35,29.9,17,10,3
444,13.1,1,35,20,17,10,3
445,15.8,2,73,33.5,36,21,7
446,15.4,2,65,38.5,32,19,6
447,12.5,1,48,27,24,14,4
448,15.8,2,51,33.4,25,15,5
449,15.5,2,39,37.6,19,11,3
450,15.8,2,58,34.3,29,17,5
451,12.4,1,43,17.6,21,12,4
452,16,2,63,24.9,31,18,6
453,16.6,2,67,40,33,19,6
454,15.6,2,53,42.7,26,15,5
455,16.6,2,47,55.6,23,13,4
456,15.8,2,63,44.6,31,18,6
457,13.3,1,38,16.2,19,11,3
458,15.5,2,60,43.4,30,18,6
459,12.6,1,41,23,20,12,4
460,17.1,2,43,36.8,21,12,4
461,12.3,1,50,28.1,25,15,5
462,15.6,2,80,30.9,40,24,8
463,15.6,2,68,28.6,34,20,6
464,16.4,2,73,38.1,36,21,7
465,15.2,2,56,38.2,28,16,5
466,12.8,1,47,25.3,23,13,4
467,12.4,1,31,19.7,15,9,3
468,15.4,2,91,40.2,45,27,9
469,15.6,2,73,29.6,36,21,7
470,15.4,2,64,43.3,32,19,6
471,15.5,2,72,33.5,36,21,7
472,12.9,1,43,14.4,21,12,4
473,12.9,1,55,17.4,27,16,5
474,12.5,1,59,30.2,29,17,5
475,12.5,1,46,25,23,13,4
476,12.8,1,58,12.9,29,17,5
477,15.8,2,51,35.1,25,15,5
478,15.5,2,46,39.9,23,13,4
479,12.7,1,49,23.1,24,14,4
480,12.6,1,61,18.7,30,18,6
481,16.2,2,59,44,29,17,5
482,16.4,2,42,35.2,21,12,4
483,15.6,2,74,42.7,37,22,7
484,12.7,1,66,14.8,33,19,6
485,12.6,1,37,12.5,18,10,3
486,12.3,1,43,14.9,21,12,4
487,12.5,1,51,25.5,25,15,5
488,12.1,1,37,20.2,18,10,3
489,15.9,2,35,27,17,10,3
490,15.5,2,70,43.9,35,21,7
491,12.4,1,54,18.4,27,16,5
492,16.1,2,59,35.1,29,17,5
493,12.9,1,35,6.9,17,10,3
494,16.9,2,65,22.5,32,19,6
495,15.3,2,53,39.8,26,15,5
496,15.3,2,69,46,34,20,6
497,15.3,2,68,30.5,34,20,6
498,13.3,1,25,17,12,7,2
499,16.8,2,56,55.3,28,16,5
500,12.5,1,36,17.9,18,10,3
501,16.3,2,52,40.1,26,15,5
502,13,1,44,13.2,22,13,4
503,15.3,2,51,22.9,25,15,5
504,13,1,53,10.3,26,15,5
505,13.2,1,56,18,28,16,5
506,13.1,1,27,18.7,13,7,2
507,16.6,2,52,40.7,26,15,5
508,15.5,2,55,60.4,27,16,5
509,13.1,1,38,11.7,19,11,3
510,13.3,1,30,19.9,15,9,3
511,16.5,2,59,40.1,29,17,5
512,15.4,2,47,44.5,23,13,4
513,13.5,1,41,12.8,20,12,4
514,13.9,1,48,17.6,24,14,4
515,16.6,2,53,45.4,26,15,5
516,15.7,2,56,28.3,28,16,5
517,15.7,2,63,40.4,31,18,6
518,12.4,1,35,22.9,17,10,3
519,12.4,1,52,17.3,26,15,5
520,15.4,2,70,48,35,21,7
521,15.1,2,44,29.4,22,13,4
522,15.6,2,72,29.1,36,21,7
523,13.3,1,47,14.8,23,13,4
524,16.1,2,56,35.4,28,16,5
525,16.1,2,69,29.2,34,20,6
526,15.7,2,68,45.2,34,20,6
527,16.1,2,39,36.4,19,11,3
528,12.7,1,34,10.6,17,10,3
529,15.5,2,50,37.3,25,15,5
530,13,1,44,26.4,22,13,4
531,15.3,2,86,33,43,25,8
532,16,2,87,38.8,43,25,8
533,16.4,2,54,22.3,27,16,5
534,16.3,2,64,32.8,32,19,6
535,15.7,2,37,49.2,18,10,3
536,15.9,2,73,34.9,36,21,7
537,15.6,2,63,54.6,31,18,6
538,12.4,1,44,25.4,22,13,4
539,15.9,2,57,42.2,28,16,5
540,13.4,1,52,17.4,26,15,5
541,15.6,2,61,32.4,30,18,6
542,16,2,69,23.8,34,20,6
543,15.9,2,77,42.5,38,22,7
544,12.8,1,44,17.9,22,13,4
545,12.5,1,27,22.8,13,7,2
546,16.1,2,68,38.9,34,20,6
547,12.2,1,21,23.6,10,6,2
548,15.1,2,34,19,17,10,3
549,16,2,28,24.4,14,8,2
550,12.3,1,49,22.5,24,14,4
551,12.4,1,35,14.5,17,10,3
552,15.8,2,53,34.5,26,15,5
553,15.7,2,47,38.2,23,13,4
554,12.2,1,40,12.1,20,12,4
555,15.3,2,89,27.5,44,26,8
556,13,1,46,12.4,23,13,4
557,16,2,36,39.4,18,10,3
558,12.3,1,50,31.2,25,15,5
559,12.9,1,45,24.2,22,13,4
560,12.8,1,29,15.5,14,8,2
561,16.3,2,44,50.3,22,13,4
562,15.8,2,59,33.6,29,17,5
563,16.3,2,39,37.8,19,11,3
564,15.3,2,66,33.7,33,19,6
565,12.8,1,40,19.5,20,12,4
566,15.8,2,75,32.6,37,22,7
567,15.2,2,68,26.5,34,20,6
568,16.3,2,63,37.9,31,18,6
569,13.3,1,44,20.7,22,13,4
570,15.2,2,50,27.1,25,15,5
571,15.6,2,48,40.6,24,14,4
572,16.3,2,42,16.2,21,12,4
573,15.8,2,50,24.4,25,15,5
574,12.4,1,37,24.1,18,10,3
575,13.4,1,49,15.3,24,14,4
576,12.3,1,43,16.2,21,12,4
577,12.7,1,48,15.1,24,14,4
578,15.9,2,34,27.1,17,10,3
579,17.2,2,63,46.3,31,18,6
580,12.6,1,41,24.2,20,12,4
581,12.7,1,37,21.3,18,10,3
582,12.6,1,35,20.4,17,10,3
583,16.5,2,61,34.6,30,18,6
584,12.3,1,24,11.3,12,7,2
585,16.3,2,57,45.5,28,16,5
586,15.8,2,68,28.8,34,20,6
587,15.9,2,53,30.2,26,15,5
588,12.5,1,44,16.3,22,13,4
589,16,2,79,42.9,39,23,7
590,12.5,1,32,24.4,16,9,3
591,15.5,2,77,36.6,38,22,7
592,12.3,1,48,20.7,24,14,4
593,15.2,2,71,30,35,21,7
594,12.1,1,27,27.4,13,7,2
595,16.2,2,49,12.8,24,14,4
596,13.1,1,60,15.3,30,18,6
597,16,2,48,33.5,24,14,4
598,15.4,2,97,39.6,48,28,9
599,12.9,1,50,24,25,15,5
600,15.4,2,40,26.3,20,12,4
601,12.5,1,45,27.6,22,13,4
602,15.2,2,45,37.6,22,13,4
603,15.7,2,49,31.2,24,14,4
604,13.5,1,30,14.8,15,9,3
605,16,2,45,34.6,22,13,4
606,12.9,1,59,11.6,29,17,5
607,13.1,1,43,15.9,21,12,4
608,13.5,1,43,20,21,12,4
609,15.9,2,54,30.3,27,16,5
610,16.1,2,78,34.7,39,23,7
611,12.2,1,38,15.2,19,11,3
612,15.8,2,53,28.2,26,15,5
613,15.8,2,64,36.2,32,19,6
614,12.9,1,46,27.9,23,13,4
615,15.8,2,65,38.3,32,19,6
616,12.9,1,65,19.3,32,19,6
617,16.4,2,72,35.4,36,21,7
618,16.7,2,81,41.7,40,24,8
619,12.8,1,51,19.1,25,15,5
620,12.5,1,33,22,16,9,3
621,16.5,2,44,33.8,22,13,4
622,15.8,2,54,38.7,27,16,5
623,16.5,2,40,32,20,12,4
624,16.2,2,45,40.7,22,13,4
625,15.4,2,59,26.9,29,17,5
626,12.3,1,44,25.1,22,13,4
627,15,2,65,35,32,19,6
628,15.9,2,48,42.4,24,14,4
629,15.7,2,72,35.6,36,21,7
630,15.8,2,90,29.2,45,27,9
631,12.8,1,55,15.3,27,16,5
632,15.3,2,84,50.4,42,25,8
633,12.7,1,52,12.9,26,15,5
634,13.3,1,65,16.2,32,19,6
635,15.6,2,61,21.8,30,18,6
636,15.8,2,49,19.2,24,14,4
637,12.9,1,30,15.9,15,9,3
638,15.7,2,83,36.4,41,24,8
639,12.3,1,38,15.1,19,11,3
640,13.2,1,68,21.5,34,20,6
641,13.1,1,37,16.7,18,10,3
642,15.8,2,61,42.4,30,18,6
643,15.4,2,47,25.5,23,13,4
644,12.8,1,48,18.9,24,14,4
645,12.5,1,43,24.5,21,12,4
646,13.5,1,49,16.7,24,14,4
647,16.6,2,61,45.7,30,18,6
648,16.1,2,30,42.4,15,9,3
649,12.6,1,33,22,16,9,3
650,15.9,2,63,54.3,31,18,6
651,15.9,2,43,34.3,21,12,4
652,15.9,2,31,36.7,15,9,3
653,12.3,1,45,16.1,22,13,4
654,12.4,1,62,23.1,31,18,6
655,16.3,2,28,41.2,14,8,2
656,12.7,1,37,13.3,18,10,3
657,15.7,2,85,33.1,42,25,8
658,12.3,1,46,20,23,13,4
659,16.3,2,78,37.3,39,23,7
660,16.4,2,36,38,18,10,3
661,12.2,1,41,25.4,20,12,4
662,12.4,1,55,13.7,27,16,5
663,16.2,2,49,39.6,24,14,4
664,15.5,2,61,51.1,30,18,6
665,15.2,2,52,28.9,26,15,5
666,12.7,1,32,25,16,9,3
667,16.4,2,72,47.9,36,21,7
668,12.6,1,40,24.5,20,12,4
669,16.6,2,40,36.4,20,12,4
670,12.1,1,41,28.1,20,12,4
671,15.4,2,50,25.7,25,15,5
672,15.6,2,80,25.3,40,24,8
673,15.8,2,80,37.5,40,24,8
674,16.3,2,50,34.7,25,15,5
675,15.7,2,40,26.1,20,12,4
676,16.5,2,58,32.8,29,17,5
677,12.6,1,40,19.1,20,12,4
678,16.5,2,55,32.8,27,16,5
679,12.7,1,36,10.3,18,10,3
680,16,2,60,39.6,30,18,6
681,13.5,1,41,20,20,12,4
682,12.3,1,46,15.8,23,13,4
683,13.1,1,23,24.5,11,6,2
684,12.8,1,54,16.8,27,16,5
685,13.2,1,44,21.2,22,13,4
686,15.7,2,65,52.6,32,19,6
687,15.1,2,52,41.2,26,15,5
688,15.7,2,91,36,45,27,9
689,12.3,1,55,30,27,16,5
690,12.7,1,48,20.7,24,14,4
691,15.7,2,68,30.5,34,20,6
692,15.8,2,79,26.6,39,23,7
693,12.4,1,30,16.7,15,9,3
694,15.9,2,77,30.6,38,22,7
695,16.6,2,73,60.7,36,21,7
696,15.6,2,50,39.1,25,15,5
697,12.9,1,60,19.6,30,18,6
698,15.8,2,34,23.4,17,10,3
699,16.2,2,53,37.9,26,15,5
700,12.5,1,56,13.8,28,16,5
701,13.7,1,66,18.4,33,19,6
702,12.5,1,44,27.4,22,13,4
703,12.5,1,51,20.4,25,15,5
704,16.1,2,64,26,32,19,6
705,16.2,2,86,33,43,25,8
706,12.5,1,37,24.3,18,10,3
707,12.2,1,47,21.7,23,13,4
708,16.3,2,55,31.3,27,16,5
709,15.5,2,48,48,24,14,4
710,16.1,2,71,38.7,35,21,7
711,15.3,2,25,31.7,12,7,2
712,16.1,2,34,33.5,17,10,3
713,16.4,2,38,36.3,19,11,3
714,16.1,2,58,39.7,29,17,5
715,15.2,2,61,50.1,30,18,6
716,15.4,2,51,34.6,25,15,5
717,15.4,2,20,48.7,10,6,2
718,16.1,2,61,32.3,30,18,6
719,16.7,2,61,31.7,30,18,6
720,12.7,1,35,17.1,17,10,3
721,16.2,2,53,27.1,26,15,5
722,12.6,1,33,21.4,16,9,3
723,16.6,2,44,29.3,22,13,4
724,13.2,1,40,23.7,20,12,4
725,13.3,1,51,22.6,25,15,5
726,16.1,2,85,32.3,42,25,8
727,15.1,2,46,38.1,23,13,4
728,15.6,2,33,38.4,16,9,3
729,14.2,1,38,21.8,19,11,3
730,16.7,2,76,48.2,38,22,7
731,12.6,1,55,23.6,27,16,5
732,15.5,2,65,40.1,32,19,6
733,15.6,2,39,37.7,19,11,3
734,16.4,2,41,24.3,20,12,4
735,13.1,1,42,19.5,21,12,4
736,17,2,64,38.6,32,19,6
737,15.9,2,51,32,25,15,5
738,16.2,2,60,34.7,30,18,6
739,16.3,2,47,21.9,23,13,4
740,13.5,1,27,20.6,13,7,2
741,15.8,2,20,39.7,10,6,2
742,13.2,1,52,27.6,26,15,5
743,15.1,2,47,35.2,23,13,4
744,15.9,2,52,23.1,26,15,5
745,12.8,1,29,23.8,14,8,2
746,13.6,1,44,18.4,22,13,4
747,15.8,2,60,40.6,30,18,6
748,16.7,2,64,40.8,32,19,6
749,16.2,2,54,28.6,27,16,5
750,13,1,49,20.2,24,14,4
751,13,1,49,16.7,24,14,4
752,15.8,2,65,37,32,19,6
753,13.8,1,41,28.1,20,12,4
754,15.6,2,63,47,31,18,6
755,15.6,2,46,36.4,23,13,4
756,12.4,1,49,25.5,24,14,4
757,15.9,2,69,38.4,34,20,6
758,15.5,2,59,20.5,29,17,5
759,16,2,60,31.2,30,18,6
760,16.1,2,56,34.6,28,16,5
761,15.5,2,43,51,21,12,4
762,15.7,2,55,37,27,16,5
763,15.4,2,58,46.4,29,17,5
764,15.8,2,46,16.2,23,13,4
765,15.8,2,84,36.2,42,25,8
766,15.2,2,103,39.5,51,30,10
767,13.3,1,50,19.9,25,15,5
768,13.7,1,41,16.2,20,12,4
769,16.7,2,36,33.6,18,10,3
770,15.8,2,89,40.6,44,26,8
771,15.6,2,72,-0.1,36,21,7
772,16,2,74,31,37,22,7
773,12.7,1,47,21.8,23,13,4
774,15.6,2,62,44.8,31,18,6
775,15.9,2,79,48.4,39,23,7
776,12.9,1,60,21.5,30,18,6
777,13.4,1,43,25.7,21,12,4
778,16.1,2,59,36.5,29,17,5
779,12.8,1,20,21.9,10,6,2
780,15.8,2,75,23.6,37,22,7
781,14.4,1,45,23,22,13,4
782,16.2,2,55,33.1,27,16,5
783,15.7,2,46,44.9,23,13,4
784,16,2,62,31.8,31,18,6
785,13.3,1,38,20.6,19,11,3
786,12.3,1,37,20.1,18,10,3
787,12.7,1,45,12.7,22,13,4
788,12.2,1,21,24.5,10,6,2
789,15.5,2,65,38.6,32,19,6
790,17.1,2,62,37.7,31,18,6
791,15.4,2,45,34.2,22,13,4
792,15.4,2,66,41.9,33,19,6
793,15.3,2,54,38.8,27,16,5
794,12.7,1,45,26.5,22,13,4
795,15.9,2,68,26.3,34,20,6
796,15.6,2,42,23.7,21,12,4
797,13,1,40,9.9,20,12,4
798,16.1,2,48,28.5,24,14,4
799,16.1,2,43,38.8,21,12,4
800,15.4,2,59,36.1,29,17,5
801,15.2,2,49,33.2,24,14,4
802,12.2,1,48,22.6,24,14,4
803,15.1,2,70,39.2,35,21,7
804,15.6,2,66,26.8,33,19,6
805,12.4,1,36,20.1,18,10,3
806,12.1,1,59,23.9,29,17,5
807,15.4,2,79,22.7,39,23,7
808,14.1,1,38,21.9,19,11,3
809,15.2,2,66,27.1,33,19,6
810,15.6,2,35,41.1,17,10,3
811,13.4,1,42,13.3,21,12,4
812,17,2,66,44.8,33,19,6
813,12.5,1,47,12.6,23,13,4
814,16.7,2,70,25.3,35,21,7
815,15.3,2,40,25.4,20,12,4
816,15.5,2,81,34.7,40,24,8
817,15.9,2,72,34.4,36,21,7
818,15.6,2,70,37,35,21,7
819,12.3,1,50,15.9,25,15,5
820,16.2,2,78,32.8,39,23,7
821,12.4,1,50,27.3,25,15,5
822,12.1,1,32,20.9,16,9,3
823,15.5,2,66,41.2,33,19,6
824,12.4,1,28,22.4,14,8,2
825,16,2,47,23.9,23,13,4
826,13.1,1,60,18.7,30,18,6
827,13,1,31,18,15,9,3
828,12.9,1,37,16.5,18,10,3
829,13,1,44,16.6,22,13,4
830,13.8,1,47,28,23,13,4
831,16.5,2,62,38.8,31,18,6
832,15.7,2,47,35.9,23,13,4
833,13,1,47,24,23,13,4
834,15.9,2,34,44,17,10,3
835,16.4,2,77,33.3,38,22,7
836,16.3,2,60,34.7,30,18,6
837,15.5,2,83,41.3,41,24,8
838,16.1,2,65,17.3,32,19,6
839,12.1,1,22,27.2,11,6,2
840,15.7,2,79,39.9,39,23,7
841,12.1,1,25,17.6,12,7,2
842,15.5,2,84,50.8,42,25,8
843,15.3,2,56,36.8,28,16,5
844,13.2,1,67,23.6,33,19,6
845,13.6,1,38,23.3,19,11,3
846,15.4,2,40,39.3,20,12,4
847,15.6,2,63,42.2,31,18,6
848,13.3,1,45,21.6,22,13,4
849,12.6,1,51,19.1,25,15,5
850,16.2,2,67,41.3,33,19,6
851,13.2,1,64,26.1,32,19,6
852,15.7,2,49,46.5,24,14,4
853,12.6,1,48,20.4,24,14,4
854,13.3,1,39,18.4,19,11,3
855,12.4,1,49,17.2,24,14,4
856,12.5,1,39,21.6,19,11,3
857,15.5,2,51,39.7,25,15,5
858,13,1,54,15,27,16,5
859,12.1,1,49,30.6,24,14,4
860,15.2,2,65,44.2,32,19,6
861,15.4,2,19,36.2,9,5,1
862,16.3,2,85,50.3,42,25,8
863,12.9,1,46,20.5,23,13,4
864,15.6,2,66,36.1,33,19,6
865,15.4,2,61,27.7,30,18,6
866,13.5,1,45,20.7,22,13,4
867,16.6,2,68,34.5,34,20,6
868,16.8,2,52,44.1,26,15,5
869,15.8,2,56,40.3,28,16,5
870,15.6,2,84,36.3,42,25,8
871,15.7,2,44,40.4,22,13,4
872,15.3,2,64,35.2,32,19,6
873,15.5,2,51,20.2,25,15,5
874,15.4,2,60,30.2,30,18,6
875,13.3,1,57,16.7,28,16,5
876,16.8,2,49,33.3,24,14,4
877,17.4,2,64,41.9,32,19,6
878,12.8,1,56,24.5,28,16,5
879,15.4,2,65,47.2,32,19,6
880,16.3,2,55,38.1,27,16,5
881,15.2,2,98,43,49,29,9
882,16,2,69,39.6,34,20,6
883,13.3,1,56,23.6,28,16,5
884,13.6,1,80,5.7,40,24,8
885,13.5,1,65,18.6,32,19,6
886,12.6,1,47,22.3,23,13,4
887,12.6,1,51,22.5,25,15,5
888,12.5,1,63,21.9,31,18,6
889,15.8,2,75,27.2,37,22,7
890,12.9,1,51,25.4,25,15,5
891,15.6,2,55,36.8,27,16,5
892,15.5,2,60,36.3,30,18,6
893,16,2,64,37.6,32,19,6
894,16.5,2,60,41.5,30,18,6
895,15.4,2,73,40.5,36,21,7
896,16.2,2,70,26.7,35,21,7
897,17.4,2,64,32.4,32,19,6
898,15.8,2,48,36.3,24,14,4
899,12.5,1,33,25.8,16,9,3
900,13.5,1,56,16.9,28,16,5
901,12.9,1,37,26.8,18,10,3
902,13.2,1,47,15.6,23,13,4
903,16.9,2,72,48.7,36,21,7
904,12.3,1,58,18.1,29,17,5
905,12.8,1,43,24.1,21,12,4
906,15,2,57,43.6,28,16,5
907,15.2,2,66,23.6,33,19,6
908,17.4,2,67,38.9,33,19,6
909,12.4,1,57,23.7,28,16,5
910,13.5,1,36,14.7,18,10,3
911,16,2,38,48.6,19,11,3
912,13.3,1,60,15.6,30,18,6
913,15.8,2,76,17.2,38,22,7
914,12.3,1,40,20.3,20,12,4
915,15.3,2,59,45.9,29,17,5
916,16.3,2,61,40.3,30,18,6
917,13.9,1,46,19.6,23,13,4
918,12.4,1,51,19.1,25,15,5
919,15.9,2,44,44.2,22,13,4
920,12.5,1,49,16.9,24,14,4
921,13.7,1,41,17.9,20,12,4
922,15.7,2,51,33.9,25,15,5
923,12.6,1,23,26.1,11,6,2
924,12.6,1,61,24.6,30,18,6
925,15.5,2,36,44.6,18,10,3
926,16.3,2,59,22.9,29,17,5
927,12.9,1,45,18.4,22,13,4
928,12.4,1,56,16,28,16,5
929,15.5,2,65,41.3,32,19,6
930,16.8,2,38,53.3,19,11,3
931,13.3,1,41,17.8,20,12,4
932,12.2,1,51,21.6,25,15,5
933,16.5,2,42,23,21,12,4
934,15.2,2,66,39.9,33,19,6
935,15.9,2,75,33.4,37,22,7
936,15.6,2,46,36.3,23,13,4
937,15.9,2,53,38.1,26,15,5
938,15.9,2,68,23.8,34,20,6
939,16.3,2,101,35.3,50,30,10
940,12.1,1,19,22.1,9,5,1
941,15.8,2,66,39.5,33,19,6
942,15.5,2,58,40.3,29,17,5
943,17,2,64,47.8,32,19,6
944,13.4,1,39,26,19,11,3
945,12.8,1,62,21.9,31,18,6
946,12.9,1,42,26.9,21,12,4
947,12.6,1,60,12.6,30,18,6
948,12.6,1,54,18.6,27,16,5
949,12.8,1,63,16.9,31,18,6
950,15.5,2,72,21.9,36,21,7
951,12.9,1,38,23.3,19,11,3
952,15.3,2,69,36.8,34,20,6
953,13.8,1,36,15.9,18,10,3
954,16.9,2,73,36.6,36,21,7
955,15.7,2,64,32.6,32,19,6
956,15.6,2,74,31.8,37,22,7
957,12.8,1,46,22.4,23,13,4
958,15.4,2,45,28.8,22,13,4
959,13.5,1,41,21.5,20,12,4
960,16.4,2,57,24.4,28,16,5
961,15.9,2,65,42.2,32,19,6
962,15.2,2,59,22.9,29,17,5
963,15.2,2,53,32.5,26,15,5
964,16.5,2,76,30.1,38,22,7
965,16.7,2,46,28.1,23,13,4
966,15.8,2,46,27.8,23,13,4
967,16.3,2,50,37.2,25,15,5
968,15.9,2,45,30.6,22,13,4
969,16.2,2,54,38.3,27,16,5
970,12.1,1,59,16.4,29,17,5
971,13.6,1,47,18.5,23,13,4
972,12.5,1,48,23.1,24,14,4
973,15.5,2,68,41.6,34,20,6
974,15.5,2,45,25.4,22,13,4
975,15.3,2,82,39.7,41,24,8
976,12.9,1,51,15.6,25,15,5
977,12.3,1,45,29,22,13,4
978,15.5,2,34,35.5,17,10,3
979,15.8,2,59,42.4,29,17,5
980,12.8,1,43,19.8,21,12,4
981,16.3,2,76,26.5,38,22,7
982,15.5,2,39,33.6,19,11,3
983,15.4,2,85,31.9,42,25,8
984,13.8,1,34,25.5,17,10,3
985,15.9,2,51,28,25,15,5
986,16.3,2,96,38,48,28,9
987,16.3,2,42,42.5,21,12,4
988,12.6,1,53,20.6,26,15,5
989,17,2,44,44.3,22,13,4
990,15.8,2,55,45.6,27,16,5
991,16.2,2,65,39.6,32,19,6
992,15.1,2,33,39.8,16,9,3
993,15.9,2,72,38.1,36,21,7
994,15.9,2,55,46.8,27,16,5
995,15.8,2,68,34.8,34,20,6
996,12.8,1,48,23.7,24,14,4
997,14,1,54,20.4,27,16,5
998,16.5,2,50,31.7,25,15,5
999,16.1,2,52,7.7,26,15,5
1000,15.4,2,48,33.4,24,14,4